Tag;Level;Bekanntheit;Kontostand;Erlöse;Betriebskosten;Fixkosten;Wartungskosten;Investitionen;Kreditdienst;Tonnenkilometer;Lokanzahl;Wageneinheiten;AktiveFahrten
1;1;0;204880;7086;4113;3443;0;0;0;115800;2;10;2
2;1;0;204410;7086;4113;3443;0;0;0;115800;2;10;2
3;1;0;203940;7086;4113;3443;0;0;0;115800;2;10;2
4;1;0;203470;7086;4113;3443;0;0;0;115800;2;10;2
5;1;0;203000;7086;4113;3443;0;0;0;115800;2;10;2
6;1;0;202530;7086;4113;3443;0;0;0;115800;2;10;2
7;1;0;202060;7086;4113;3443;0;0;0;115800;2;10;2
8;1;0;201590;7086;4113;3443;0;0;0;115800;2;10;2
9;1;0;201120;7086;4113;3443;0;0;0;115800;2;10;2
10;1;0;200650;7086;4113;3443;0;0;0;115800;2;10;2
11;1;0;200180;7086;4113;3443;0;0;0;115800;2;10;2
12;1;0;199710;7086;4113;3443;0;0;0;115800;2;10;2
13;1;0;199240;7086;4113;3443;0;0;0;115800;2;10;2
14;1;0;198770;7086;4113;3443;0;0;0;115800;2;10;2
15;1;0;198300;7086;4113;3443;0;0;0;115800;2;10;2
16;1;0;197830;7086;4113;3443;0;0;0;115800;2;10;2
17;1;0;197360;7086;4113;3443;0;0;0;115800;2;10;2
18;1;0;196890;7086;4113;3443;0;0;0;115800;2;10;2
19;1;0;196420;7086;4113;3443;0;0;0;115800;2;10;2
20;1;0;195950;7086;4113;3443;0;0;0;115800;2;10;2
21;1;0;195480;7086;4113;3443;0;0;0;115800;2;10;2
22;1;0;195010;7086;4113;3443;0;0;0;115800;2;10;2
23;2;8;194540;7086;4113;3443;0;0;0;115800;2;10;2
24;2;8;194341;7357;4113;3443;0;0;0;115800;2;10;2
25;2;8;194142;7357;4113;3443;0;0;0;115800;2;10;2
26;2;8;193943;7357;4113;3443;0;0;0;115800;2;10;2
27;2;8;193744;7357;4113;3443;0;0;0;115800;2;10;2
28;2;8;193545;7357;4113;3443;0;0;0;115800;2;10;2
29;2;8;193346;7357;4113;3443;0;0;0;115800;2;10;2
30;2;8;193147;7357;4113;3443;0;0;0;115800;2;10;2
31;2;8;192948;7357;4113;3443;0;0;0;115800;2;10;2
32;2;8;192749;7357;4113;3443;0;0;0;115800;2;10;2
33;2;8;192550;7357;4113;3443;0;0;0;115800;2;10;2
34;2;8;192351;7357;4113;3443;0;0;0;115800;2;10;2
35;2;8;192152;7357;4113;3443;0;0;0;115800;2;10;2
36;2;8;191953;7357;4113;3443;0;0;0;115800;2;10;2
37;2;8;191754;7357;4113;3443;0;0;0;115800;2;10;2
38;2;8;191555;7357;4113;3443;0;0;0;115800;2;10;2
39;2;8;191356;7357;4113;3443;0;0;0;115800;2;10;2
40;2;8;191157;7357;4113;3443;0;0;0;115800;2;10;2
41;2;8;190958;7357;4113;3443;0;0;0;115800;2;10;2
42;2;8;190759;7357;4113;3443;0;0;0;115800;2;10;2
43;2;8;190560;7357;4113;3443;0;0;0;115800;2;10;2
44;2;8;190361;7357;4113;3443;0;0;0;115800;2;10;2
45;2;8;190162;7357;4113;3443;0;0;0;115800;2;10;2
46;2;8;189963;7357;4113;3443;0;0;0;115800;2;10;2
47;2;8;189764;7357;4113;3443;0;0;0;115800;2;10;2
48;2;8;189565;7357;4113;3443;0;0;0;115800;2;10;2
49;2;8;189366;7357;4113;3443;0;0;0;115800;2;10;2
50;2;8;189167;7357;4113;3443;0;0;0;115800;2;10;2
51;2;8;188968;7357;4113;3443;0;0;0;115800;2;10;2
52;2;8;188769;7357;4113;3443;0;0;0;115800;2;10;2
53;2;8;188570;7357;4113;3443;0;0;0;115800;2;10;2
54;2;8;188371;7357;4113;3443;0;0;0;115800;2;10;2
55;3;16;188172;7357;4113;3443;0;0;0;115800;2;10;2
56;3;16;188110;7494;4113;3443;0;0;0;115800;2;10;2
57;3;16;188048;7494;4113;3443;0;0;0;115800;2;10;2
58;3;16;187986;7494;4113;3443;0;0;0;115800;2;10;2
59;3;16;187924;7494;4113;3443;0;0;0;115800;2;10;2
60;3;16;187862;7494;4113;3443;0;0;0;115800;2;10;2
61;3;16;187800;7494;4113;3443;0;0;0;115800;2;10;2
62;3;16;187738;7494;4113;3443;0;0;0;115800;2;10;2
63;3;16;187676;7494;4113;3443;0;0;0;115800;2;10;2
64;3;16;187614;7494;4113;3443;0;0;0;115800;2;10;2
65;3;16;187552;7494;4113;3443;0;0;0;115800;2;10;2
66;3;16;187490;7494;4113;3443;0;0;0;115800;2;10;2
67;3;16;187428;7494;4113;3443;0;0;0;115800;2;10;2
68;3;16;187366;7494;4113;3443;0;0;0;115800;2;10;2
69;3;16;187304;7494;4113;3443;0;0;0;115800;2;10;2
70;3;16;187242;7494;4113;3443;0;0;0;115800;2;10;2
71;3;16;187180;7494;4113;3443;0;0;0;115800;2;10;2
72;3;16;187118;7494;4113;3443;0;0;0;115800;2;10;2
73;3;16;187056;7494;4113;3443;0;0;0;115800;2;10;2
74;3;16;186994;7494;4113;3443;0;0;0;115800;2;10;2
75;3;16;186932;7494;4113;3443;0;0;0;115800;2;10;2
76;3;16;186870;7494;4113;3443;0;0;0;115800;2;10;2
77;3;16;186808;7494;4113;3443;0;0;0;115800;2;10;2
78;3;16;186746;7494;4113;3443;0;0;0;115800;2;10;2
79;3;16;186684;7494;4113;3443;0;0;0;115800;2;10;2
80;3;16;186622;7494;4113;3443;0;0;0;115800;2;10;2
81;3;16;186560;7494;4113;3443;0;0;0;115800;2;10;2
82;3;16;186498;7494;4113;3443;0;0;0;115800;2;10;2
83;3;16;186436;7494;4113;3443;0;0;0;115800;2;10;2
84;3;16;186374;7494;4113;3443;0;0;0;115800;2;10;2
85;3;16;186312;7494;4113;3443;0;0;0;115800;2;10;2
86;3;16;186250;7494;4113;3443;0;0;0;115800;2;10;2
87;3;16;186188;7494;4113;3443;0;0;0;115800;2;10;2
88;3;16;186126;7494;4113;3443;0;0;0;115800;2;10;2
89;3;16;186064;7494;4113;3443;0;0;0;115800;2;10;2
90;3;16;183002;7494;4113;3443;3000;0;0;115800;2;10;2
91;3;16;182940;7494;4113;3443;0;0;0;115800;2;10;2
92;3;16;182878;7494;4113;3443;0;0;0;115800;2;10;2
93;3;16;182816;7494;4113;3443;0;0;0;115800;2;10;2
94;3;16;182754;7494;4113;3443;0;0;0;115800;2;10;2
95;3;16;182692;7494;4113;3443;0;0;0;115800;2;10;2
96;3;16;182630;7494;4113;3443;0;0;0;115800;2;10;2
97;3;16;182568;7494;4113;3443;0;0;0;115800;2;10;2
98;3;16;182506;7494;4113;3443;0;0;0;115800;2;10;2
99;3;16;182444;7494;4113;3443;0;0;0;115800;2;10;2
100;4;24;182382;7494;4113;3443;0;0;0;115800;2;10;2
101;4;24;184092;9266;4113;3443;0;0;0;115800;2;10;2
102;4;24;185802;9266;4113;3443;0;0;0;115800;2;10;2
103;4;24;187512;9266;4113;3443;0;0;0;115800;2;10;2
104;4;24;189222;9266;4113;3443;0;0;0;115800;2;10;2
105;4;24;190932;9266;4113;3443;0;0;0;115800;2;10;2
106;4;24;192642;9266;4113;3443;0;0;0;115800;2;10;2
107;4;24;194352;9266;4113;3443;0;0;0;115800;2;10;2
108;4;24;196062;9266;4113;3443;0;0;0;115800;2;10;2
109;4;24;197772;9266;4113;3443;0;0;0;115800;2;10;2
110;4;24;199482;9266;4113;3443;0;0;0;115800;2;10;2
111;4;24;201192;9266;4113;3443;0;0;0;115800;2;10;2
112;4;24;202902;9266;4113;3443;0;0;0;115800;2;10;2
113;4;24;204612;9266;4113;3443;0;0;0;115800;2;10;2
114;4;24;206322;9266;4113;3443;0;0;0;115800;2;10;2
115;4;24;208032;9266;4113;3443;0;0;0;115800;2;10;2
116;4;24;209742;9266;4113;3443;0;0;0;115800;2;10;2
117;4;24;211452;9266;4113;3443;0;0;0;115800;2;10;2
118;4;24;213162;9266;4113;3443;0;0;0;115800;2;10;2
119;4;24;214872;9266;4113;3443;0;0;0;115800;2;10;2
120;4;24;216582;9266;4113;3443;0;0;0;115800;2;10;2
121;4;24;218292;9266;4113;3443;0;0;0;115800;2;10;2
122;4;24;220002;9266;4113;3443;0;0;0;115800;2;10;2
123;4;24;221712;9266;4113;3443;0;0;0;115800;2;10;2
124;4;24;223422;9266;4113;3443;0;0;0;115800;2;10;2
125;4;24;225132;9266;4113;3443;0;0;0;115800;2;10;2
126;4;24;226842;9266;4113;3443;0;0;0;115800;2;10;2
127;4;24;228552;9266;4113;3443;0;0;0;115800;2;10;2
128;4;24;230262;9266;4113;3443;0;0;0;115800;2;10;2
129;4;24;231972;9266;4113;3443;0;0;0;115800;2;10;2
130;4;24;233682;9266;4113;3443;0;0;0;115800;2;10;2
131;4;24;235392;9266;4113;3443;0;0;0;115800;2;10;2
132;4;24;237102;9266;4113;3443;0;0;0;115800;2;10;2
133;4;24;238812;9266;4113;3443;0;0;0;115800;2;10;2
134;4;24;240522;9266;4113;3443;0;0;0;115800;2;10;2
135;4;24;242232;9266;4113;3443;0;0;0;115800;2;10;2
136;4;24;243942;9266;4113;3443;0;0;0;115800;2;10;2
137;4;24;245652;9266;4113;3443;0;0;0;115800;2;10;2
138;4;24;247362;9266;4113;3443;0;0;0;115800;2;10;2
139;4;24;249072;9266;4113;3443;0;0;0;115800;2;10;2
140;4;24;250782;9266;4113;3443;0;0;0;115800;2;10;2
141;4;24;252492;9266;4113;3443;0;0;0;115800;2;10;2
142;4;24;254202;9266;4113;3443;0;0;0;115800;2;10;2
143;4;24;255912;9266;4113;3443;0;0;0;115800;2;10;2
144;4;24;257622;9266;4113;3443;0;0;0;115800;2;10;2
145;4;24;259332;9266;4113;3443;0;0;0;115800;2;10;2
146;4;24;261042;9266;4113;3443;0;0;0;115800;2;10;2
147;4;24;262752;9266;4113;3443;0;0;0;115800;2;10;2
148;4;24;264462;9266;4113;3443;0;0;0;115800;2;10;2
149;4;24;266172;9266;4113;3443;0;0;0;115800;2;10;2
150;4;24;267882;9266;4113;3443;0;0;0;115800;2;10;2
151;4;24;269592;9266;4113;3443;0;0;0;115800;2;10;2
152;5;32;271302;9266;4113;3443;0;0;0;115800;2;10;2
153;5;32;275464;11718;4113;3443;0;0;0;115800;2;10;2
154;5;32;279626;11718;4113;3443;0;0;0;115800;2;10;2
155;5;32;283788;11718;4113;3443;0;0;0;115800;2;10;2
156;5;32;287950;11718;4113;3443;0;0;0;115800;2;10;2
157;5;32;292112;11718;4113;3443;0;0;0;115800;2;10;2
158;5;32;296274;11718;4113;3443;0;0;0;115800;2;10;2
159;5;32;300436;11718;4113;3443;0;0;0;115800;2;10;2
160;5;32;304598;11718;4113;3443;0;0;0;115800;2;10;2
161;5;32;308760;11718;4113;3443;0;0;0;115800;2;10;2
162;5;32;312922;11718;4113;3443;0;0;0;115800;2;10;2
163;5;32;317084;11718;4113;3443;0;0;0;115800;2;10;2
164;5;32;321246;11718;4113;3443;0;0;0;115800;2;10;2
165;5;32;325408;11718;4113;3443;0;0;0;115800;2;10;2
166;5;32;329570;11718;4113;3443;0;0;0;115800;2;10;2
167;5;32;333732;11718;4113;3443;0;0;0;115800;2;10;2
168;5;32;337894;11718;4113;3443;0;0;0;115800;2;10;2
169;5;32;342056;11718;4113;3443;0;0;0;115800;2;10;2
170;5;32;346218;11718;4113;3443;0;0;0;115800;2;10;2
171;5;32;350380;11718;4113;3443;0;0;0;115800;2;10;2
172;5;32;354542;11718;4113;3443;0;0;0;115800;2;10;2
173;5;32;358704;11718;4113;3443;0;0;0;115800;2;10;2
174;5;32;362866;11718;4113;3443;0;0;0;115800;2;10;2
175;5;32;367028;11718;4113;3443;0;0;0;115800;2;10;2
176;5;32;371190;11718;4113;3443;0;0;0;115800;2;10;2
177;5;32;375352;11718;4113;3443;0;0;0;115800;2;10;2
178;5;32;379514;11718;4113;3443;0;0;0;115800;2;10;2
179;5;32;383676;11718;4113;3443;0;0;0;115800;2;10;2
180;5;32;382278;11718;4113;3443;5560;0;0;115800;2;10;2
181;5;32;386440;11718;4113;3443;0;0;0;115800;2;10;2
182;5;32;390602;11718;4113;3443;0;0;0;115800;2;10;2
183;5;32;394764;11718;4113;3443;0;0;0;115800;2;10;2
184;5;32;398926;11718;4113;3443;0;0;0;115800;2;10;2
185;5;32;403088;11718;4113;3443;0;0;0;115800;2;10;2
186;5;32;407250;11718;4113;3443;0;0;0;115800;2;10;2
187;5;32;411412;11718;4113;3443;0;0;0;115800;2;10;2
188;5;32;415574;11718;4113;3443;0;0;0;115800;2;10;2
189;5;32;419736;11718;4113;3443;0;0;0;115800;2;10;2
190;5;32;423898;11718;4113;3443;0;0;0;115800;2;10;2
191;5;32;428060;11718;4113;3443;0;0;0;115800;2;10;2
192;5;32;432222;11718;4113;3443;0;0;0;115800;2;10;2
193;5;32;436384;11718;4113;3443;0;0;0;115800;2;10;2
194;5;32;440546;11718;4113;3443;0;0;0;115800;2;10;2
195;5;32;444708;11718;4113;3443;0;0;0;115800;2;10;2
196;5;32;448870;11718;4113;3443;0;0;0;115800;2;10;2
197;5;32;453032;11718;4113;3443;0;0;0;115800;2;10;2
198;5;32;457194;11718;4113;3443;0;0;0;115800;2;10;2
199;5;32;461356;11718;4113;3443;0;0;0;115800;2;10;2
200;5;32;465518;11718;4113;3443;0;0;0;115800;2;10;2
201;5;32;469680;11718;4113;3443;0;0;0;115800;2;10;2
202;5;32;473842;11718;4113;3443;0;0;0;115800;2;10;2
203;5;32;478004;11718;4113;3443;0;0;0;115800;2;10;2
204;5;32;482166;11718;4113;3443;0;0;0;115800;2;10;2
205;5;32;486328;11718;4113;3443;0;0;0;115800;2;10;2
206;5;32;490490;11718;4113;3443;0;0;0;115800;2;10;2
207;5;32;494652;11718;4113;3443;0;0;0;115800;2;10;2
208;5;32;498814;11718;4113;3443;0;0;0;115800;2;10;2
209;5;32;502976;11718;4113;3443;0;0;0;115800;2;10;2
210;5;32;507138;11718;4113;3443;0;0;0;115800;2;10;2
211;5;32;511300;11718;4113;3443;0;0;0;115800;2;10;2
212;6;40;515462;11718;4113;3443;0;0;0;115800;2;10;2
213;6;40;521531;13625;4113;3443;0;0;0;115800;2;10;2
214;6;40;527600;13625;4113;3443;0;0;0;115800;2;10;2
215;6;40;533669;13625;4113;3443;0;0;0;115800;2;10;2
216;6;40;539738;13625;4113;3443;0;0;0;115800;2;10;2
217;6;40;545807;13625;4113;3443;0;0;0;115800;2;10;2
218;6;40;551876;13625;4113;3443;0;0;0;115800;2;10;2
219;6;40;557945;13625;4113;3443;0;0;0;115800;2;10;2
220;6;40;564014;13625;4113;3443;0;0;0;115800;2;10;2
221;6;40;570083;13625;4113;3443;0;0;0;115800;2;10;2
222;6;40;576152;13625;4113;3443;0;0;0;115800;2;10;2
223;6;40;582221;13625;4113;3443;0;0;0;115800;2;10;2
224;6;40;588290;13625;4113;3443;0;0;0;115800;2;10;2
225;6;40;594359;13625;4113;3443;0;0;0;115800;2;10;2
226;6;40;600428;13625;4113;3443;0;0;0;115800;2;10;2
227;6;40;196594;20521;6241;4264;0;663850;714;178800;3;22;3
228;6;40;206610;20521;6241;4264;0;0;714;178800;3;22;3
229;6;40;216626;20521;6241;4264;0;0;714;178800;3;22;3
230;6;40;226642;20521;6241;4264;0;0;714;178800;3;22;3
231;6;40;236658;20521;6241;4264;0;0;714;178800;3;22;3
232;6;40;246674;20521;6241;4264;0;0;714;178800;3;22;3
233;6;40;256690;20521;6241;4264;0;0;714;178800;3;22;3
234;6;40;266706;20521;6241;4264;0;0;714;178800;3;22;3
235;6;40;276722;20521;6241;4264;0;0;714;178800;3;22;3
236;6;40;286738;20521;6241;4264;0;0;714;178800;3;22;3
237;6;40;296754;20521;6241;4264;0;0;714;178800;3;22;3
238;6;40;306770;20521;6241;4264;0;0;714;178800;3;22;3
239;6;40;316786;20521;6241;4264;0;0;714;178800;3;22;3
240;6;40;326802;20521;6241;4264;0;0;714;178800;3;22;3
241;6;40;336818;20521;6241;4264;0;0;714;178800;3;22;3
242;6;40;346834;20521;6241;4264;0;0;714;178800;3;22;3
243;6;40;356850;20521;6241;4264;0;0;714;178800;3;22;3
244;6;40;366866;20521;6241;4264;0;0;714;178800;3;22;3
245;6;40;376882;20521;6241;4264;0;0;714;178800;3;22;3
246;6;40;386898;20521;6241;4264;0;0;714;178800;3;22;3
247;6;40;396914;20521;6241;4264;0;0;714;178800;3;22;3
248;6;40;406930;20521;6241;4264;0;0;714;178800;3;22;3
249;6;40;416946;20521;6241;4264;0;0;714;178800;3;22;3
250;6;40;426962;20521;6241;4264;0;0;714;178800;3;22;3
251;6;40;436978;20521;6241;4264;0;0;714;178800;3;22;3
252;6;40;446994;20521;6241;4264;0;0;714;178800;3;22;3
253;6;40;457010;20521;6241;4264;0;0;714;178800;3;22;3
254;6;40;467026;20521;6241;4264;0;0;714;178800;3;22;3
255;6;40;477042;20521;6241;4264;0;0;714;178800;3;22;3
256;6;40;487058;20521;6241;4264;0;0;714;178800;3;22;3
257;6;40;497074;20521;6241;4264;0;0;714;178800;3;22;3
258;6;40;507090;20521;6241;4264;0;0;714;178800;3;22;3
259;6;40;517106;20521;6241;4264;0;0;714;178800;3;22;3
260;6;40;527122;20521;6241;4264;0;0;714;178800;3;22;3
261;6;40;537138;20521;6241;4264;0;0;714;178800;3;22;3
262;6;40;547154;20521;6241;4264;0;0;714;178800;3;22;3
263;6;40;557170;20521;6241;4264;0;0;714;178800;3;22;3
264;6;40;567186;20521;6241;4264;0;0;714;178800;3;22;3
265;6;40;577202;20521;6241;4264;0;0;714;178800;3;22;3
266;6;40;587218;20521;6241;4264;0;0;714;178800;3;22;3
267;7;48;597234;20521;6241;4264;0;0;714;178800;3;22;3
268;7;48;607250;20521;6241;4264;0;0;714;178800;3;22;3
269;7;48;617266;20521;6241;4264;0;0;714;178800;3;22;3
270;7;48;624282;20521;6241;4264;3000;0;714;178800;3;22;3
271;7;48;634298;20521;6241;4264;0;0;714;178800;3;22;3
272;7;48;644314;20521;6241;4264;0;0;714;178800;3;22;3
273;7;48;654330;20521;6241;4264;0;0;714;178800;3;22;3
274;7;48;664346;20521;6241;4264;0;0;714;178800;3;22;3
275;7;48;674362;20521;6241;4264;0;0;714;178800;3;22;3
276;7;48;684378;20521;6241;4264;0;0;714;178800;3;22;3
277;7;48;694394;20521;6241;4264;0;0;714;178800;3;22;3
278;7;48;704410;20521;6241;4264;0;0;714;178800;3;22;3
279;7;48;714426;20521;6241;4264;0;0;714;178800;3;22;3
280;7;48;724442;20521;6241;4264;0;0;714;178800;3;22;3
281;7;48;734458;20521;6241;4264;0;0;714;178800;3;22;3
282;7;48;744474;20521;6241;4264;0;0;714;178800;3;22;3
283;7;48;754490;20521;6241;4264;0;0;714;178800;3;22;3
284;7;48;764506;20521;6241;4264;0;0;714;178800;3;22;3
285;7;48;774522;20521;6241;4264;0;0;714;178800;3;22;3
286;7;48;784538;20521;6241;4264;0;0;714;178800;3;22;3
287;7;48;794554;20521;6241;4264;0;0;714;178800;3;22;3
288;7;48;804570;20521;6241;4264;0;0;714;178800;3;22;3
289;7;48;814586;20521;6241;4264;0;0;714;178800;3;22;3
290;7;48;824602;20521;6241;4264;0;0;714;178800;3;22;3
291;7;48;834618;20521;6241;4264;0;0;714;178800;3;22;3
292;7;48;844634;20521;6241;4264;0;0;714;178800;3;22;3
293;7;48;854650;20521;6241;4264;0;0;714;178800;3;22;3
294;7;48;314060;39368;16537;4371;0;559050;714;438800;4;28;4
295;7;48;332520;39368;16537;4371;0;0;714;438800;4;28;4
296;7;48;350980;39368;16537;4371;0;0;714;438800;4;28;4
297;7;48;369440;39368;16537;4371;0;0;714;438800;4;28;4
298;7;48;387900;39368;16537;4371;0;0;714;438800;4;28;4
299;7;48;406360;39368;16537;4371;0;0;714;438800;4;28;4
300;7;48;424820;39368;16537;4371;0;0;714;438800;4;28;4
301;7;48;443280;39368;16537;4371;0;0;714;438800;4;28;4
302;7;48;461740;39368;16537;4371;0;0;714;438800;4;28;4
303;7;48;480200;39368;16537;4371;0;0;714;438800;4;28;4
304;7;48;498660;39368;16537;4371;0;0;714;438800;4;28;4
305;7;48;517120;39368;16537;4371;0;0;714;438800;4;28;4
306;7;48;535580;39368;16537;4371;0;0;714;438800;4;28;4
307;7;48;554040;39368;16537;4371;0;0;714;438800;4;28;4
308;7;48;572500;39368;16537;4371;0;0;714;438800;4;28;4
309;7;48;590960;39368;16537;4371;0;0;714;438800;4;28;4
310;7;48;609420;39368;16537;4371;0;0;714;438800;4;28;4
311;7;48;627880;39368;16537;4371;0;0;714;438800;4;28;4
312;7;48;646340;39368;16537;4371;0;0;714;438800;4;28;4
313;7;48;664800;39368;16537;4371;0;0;714;438800;4;28;4
314;7;48;683260;39368;16537;4371;0;0;714;438800;4;28;4
315;7;48;701720;39368;16537;4371;0;0;714;438800;4;28;4
316;7;48;720180;39368;16537;4371;0;0;714;438800;4;28;4
317;8;56;737015;39368;16537;4371;1625;0;714;438800;4;28;4
318;8;56;755475;39368;16537;4371;0;0;714;438800;4;28;4
319;8;56;773935;39368;16537;4371;0;0;714;438800;4;28;4
320;8;56;792395;39368;16537;4371;0;0;714;438800;4;28;4
321;8;56;810855;39368;16537;4371;0;0;714;438800;4;28;4
322;8;56;829315;39368;16537;4371;0;0;714;438800;4;28;4
323;8;56;847775;39368;16537;4371;0;0;714;438800;4;28;4
324;8;56;866235;39368;16537;4371;0;0;714;438800;4;28;4
325;8;56;884695;39368;16537;4371;0;0;714;438800;4;28;4
326;8;56;903155;39368;16537;4371;0;0;714;438800;4;28;4
327;8;56;921615;39368;16537;4371;0;0;714;438800;4;28;4
328;8;56;940075;39368;16537;4371;0;0;714;438800;4;28;4
329;8;56;958535;39368;16537;4371;0;0;714;438800;4;28;4
330;8;56;976995;39368;16537;4371;0;0;714;438800;4;28;4
331;8;56;995455;39368;16537;4371;0;0;714;438800;4;28;4
332;8;56;1013915;39368;16537;4371;0;0;714;438800;4;28;4
333;8;56;1032375;39368;16537;4371;0;0;714;438800;4;28;4
334;8;56;1050835;39368;16537;4371;0;0;714;438800;4;28;4
335;8;56;1069295;39368;16537;4371;0;0;714;438800;4;28;4
336;8;56;1087755;39368;16537;4371;0;0;714;438800;4;28;4
337;8;56;1106215;39368;16537;4371;0;0;714;438800;4;28;4
338;8;56;1124675;39368;16537;4371;0;0;714;438800;4;28;4
339;8;56;1143135;39368;16537;4371;0;0;714;438800;4;28;4
340;8;56;1161595;39368;16537;4371;0;0;714;438800;4;28;4
341;8;56;1180055;39368;16537;4371;0;0;714;438800;4;28;4
342;8;56;1198515;39368;16537;4371;0;0;714;438800;4;28;4
343;8;56;1216975;39368;16537;4371;0;0;714;438800;4;28;4
344;8;56;1235435;39368;16537;4371;0;0;714;438800;4;28;4
345;8;56;1253895;39368;16537;4371;0;0;714;438800;4;28;4
346;8;56;1272355;39368;16537;4371;0;0;714;438800;4;28;4
347;8;56;1290815;39368;16537;4371;0;0;714;438800;4;28;4
348;8;56;1309275;39368;16537;4371;0;0;714;438800;4;28;4
349;8;56;1327735;39368;16537;4371;0;0;714;438800;4;28;4
350;8;56;1346195;39368;16537;4371;0;0;714;438800;4;28;4
351;8;56;1364655;39368;16537;4371;0;0;714;438800;4;28;4
352;8;56;1383115;39368;16537;4371;0;0;714;438800;4;28;4
353;8;56;1401575;39368;16537;4371;0;0;714;438800;4;28;4
354;8;56;1420035;39368;16537;4371;0;0;714;438800;4;28;4
355;8;56;1438495;39368;16537;4371;0;0;714;438800;4;28;4
356;8;56;1456955;39368;16537;4371;0;0;714;438800;4;28;4
357;8;56;1475415;39368;16537;4371;0;0;714;438800;4;28;4
358;8;56;1493875;39368;16537;4371;0;0;714;438800;4;28;4
359;8;56;1512335;39368;16537;4371;0;0;714;438800;4;28;4
360;8;56;1525235;39368;16537;4371;5560;0;714;438800;4;28;4
361;8;56;1543695;39368;16537;4371;0;0;714;438800;4;28;4
362;8;56;1562155;39368;16537;4371;0;0;714;438800;4;28;4
363;8;56;1580615;39368;16537;4371;0;0;714;438800;4;28;4
364;8;56;1599075;39368;16537;4371;0;0;714;438800;4;28;4
365;8;56;1617535;39368;16537;4371;0;0;714;438800;4;28;4
