Tag;Level;Bekanntheit;Kontostand;Erlöse;Betriebskosten;Fixkosten;Wartungskosten;Tonnenkilometer;UngeplanteReparaturen;NichtVerfügbareLoks
1;1;0;204552;7086;4441;3443;0;115800;0;0
2;1;0;203754;7086;4441;3443;0;115800;0;0
3;1;0;202956;7086;4441;3443;0;115800;0;0
4;1;0;202158;7086;4441;3443;0;115800;0;0
5;1;0;201360;7086;4441;3443;0;115800;0;0
6;1;0;200562;7086;4441;3443;0;115800;0;0
7;1;0;199764;7086;4441;3443;0;115800;0;0
8;1;0;198966;7086;4441;3443;0;115800;0;0
9;1;0;198168;7086;4441;3443;0;115800;0;0
10;1;0;197370;7086;4441;3443;0;115800;0;0
11;1;0;196572;7086;4441;3443;0;115800;0;0
12;1;0;195774;7086;4441;3443;0;115800;0;0
13;1;0;194976;7086;4441;3443;0;115800;0;0
14;1;0;194178;7086;4441;3443;0;115800;0;0
15;1;0;193380;7086;4441;3443;0;115800;0;0
16;1;0;192582;7086;4441;3443;0;115800;0;0
17;1;0;191784;7086;4441;3443;0;115800;0;0
18;1;0;190986;7086;4441;3443;0;115800;0;0
19;1;0;190188;7086;4441;3443;0;115800;0;0
20;1;0;189390;7086;4441;3443;0;115800;0;0
21;1;0;188592;7086;4441;3443;0;115800;0;0
22;1;0;187794;7086;4441;3443;0;115800;0;0
23;2;8;186996;7086;4441;3443;0;115800;0;0
24;2;8;186469;7357;4441;3443;0;115800;0;0
25;2;8;185942;7357;4441;3443;0;115800;0;0
26;2;8;185415;7357;4441;3443;0;115800;0;0
27;2;8;184888;7357;4441;3443;0;115800;0;0
28;2;8;184361;7357;4441;3443;0;115800;0;0
29;2;8;183834;7357;4441;3443;0;115800;0;0
30;2;8;183307;7357;4441;3443;0;115800;0;0
31;2;8;182780;7357;4441;3443;0;115800;0;0
32;2;8;182253;7357;4441;3443;0;115800;0;0
33;2;8;181726;7357;4441;3443;0;115800;0;0
34;2;8;181199;7357;4441;3443;0;115800;0;0
35;2;8;180672;7357;4441;3443;0;115800;0;0
36;2;8;180145;7357;4441;3443;0;115800;0;0
37;2;8;179618;7357;4441;3443;0;115800;0;0
38;2;8;179091;7357;4441;3443;0;115800;0;0
39;2;8;178564;7357;4441;3443;0;115800;0;0
40;2;8;178037;7357;4441;3443;0;115800;0;0
41;2;8;177510;7357;4441;3443;0;115800;0;0
42;2;8;176983;7357;4441;3443;0;115800;0;0
43;2;8;176456;7357;4441;3443;0;115800;0;0
44;2;8;175929;7357;4441;3443;0;115800;0;0
45;2;8;175402;7357;4441;3443;0;115800;0;0
46;2;8;174875;7357;4441;3443;0;115800;0;0
47;2;8;174348;7357;4441;3443;0;115800;0;0
48;2;8;173821;7357;4441;3443;0;115800;0;0
49;2;8;173294;7357;4441;3443;0;115800;0;0
50;2;8;172767;7357;4441;3443;0;115800;0;0
51;2;8;172240;7357;4441;3443;0;115800;0;0
52;2;8;171713;7357;4441;3443;0;115800;0;0
53;2;8;171186;7357;4441;3443;0;115800;0;0
54;2;8;170659;7357;4441;3443;0;115800;0;0
55;3;16;170132;7357;4441;3443;0;115800;0;0
56;3;16;169742;7494;4441;3443;0;115800;0;0
57;3;16;169352;7494;4441;3443;0;115800;0;0
58;3;16;168962;7494;4441;3443;0;115800;0;0
59;3;16;168572;7494;4441;3443;0;115800;0;0
60;3;16;168182;7494;4441;3443;0;115800;0;0
61;3;16;167792;7494;4441;3443;0;115800;0;0
62;3;16;167402;7494;4441;3443;0;115800;0;0
63;3;16;167012;7494;4441;3443;0;115800;0;0
64;3;16;166622;7494;4441;3443;0;115800;0;0
65;3;16;166232;7494;4441;3443;0;115800;0;0
66;3;16;165842;7494;4441;3443;0;115800;0;0
67;3;16;165452;7494;4441;3443;0;115800;0;0
68;3;16;165062;7494;4441;3443;0;115800;0;0
69;3;16;164672;7494;4441;3443;0;115800;0;0
70;3;16;164282;7494;4441;3443;0;115800;0;0
71;3;16;163892;7494;4441;3443;0;115800;0;0
72;3;16;163502;7494;4441;3443;0;115800;0;0
73;3;16;163112;7494;4441;3443;0;115800;0;0
74;3;16;162722;7494;4441;3443;0;115800;0;0
75;3;16;162332;7494;4441;3443;0;115800;0;0
76;3;16;161942;7494;4441;3443;0;115800;0;0
77;3;16;161552;7494;4441;3443;0;115800;0;0
78;3;16;161162;7494;4441;3443;0;115800;0;0
79;3;16;160772;7494;4441;3443;0;115800;0;0
80;3;16;160382;7494;4441;3443;0;115800;0;0
81;3;16;159992;7494;4441;3443;0;115800;0;0
82;3;16;159602;7494;4441;3443;0;115800;0;0
83;3;16;159212;7494;4441;3443;0;115800;0;0
84;3;16;158822;7494;4441;3443;0;115800;0;0
85;3;16;158432;7494;4441;3443;0;115800;0;0
86;3;16;158042;7494;4441;3443;0;115800;0;0
87;3;16;157652;7494;4441;3443;0;115800;0;0
88;3;16;157262;7494;4441;3443;0;115800;0;0
89;3;16;156872;7494;4441;3443;0;115800;0;0
90;3;16;153482;7494;4441;3443;3000;115800;0;0
91;3;16;153092;7494;4441;3443;0;115800;0;0
92;3;16;152702;7494;4441;3443;0;115800;0;0
93;3;16;152312;7494;4441;3443;0;115800;0;0
94;3;16;151922;7494;4441;3443;0;115800;0;0
95;3;16;151532;7494;4441;3443;0;115800;0;0
96;3;16;151142;7494;4441;3443;0;115800;0;0
97;3;16;150752;7494;4441;3443;0;115800;0;0
98;3;16;150362;7494;4441;3443;0;115800;0;0
99;3;16;149972;7494;4441;3443;0;115800;0;0
100;4;24;149582;7494;4441;3443;0;115800;0;0
101;4;24;150964;9266;4441;3443;0;115800;0;0
102;4;24;152346;9266;4441;3443;0;115800;0;0
103;4;24;153728;9266;4441;3443;0;115800;0;0
104;4;24;155110;9266;4441;3443;0;115800;0;0
105;4;24;156492;9266;4441;3443;0;115800;0;0
106;4;24;157874;9266;4441;3443;0;115800;0;0
107;4;24;159256;9266;4441;3443;0;115800;0;0
108;4;24;160638;9266;4441;3443;0;115800;0;0
109;4;24;162020;9266;4441;3443;0;115800;0;0
110;4;24;163402;9266;4441;3443;0;115800;0;0
111;4;24;164784;9266;4441;3443;0;115800;0;0
112;4;24;166166;9266;4441;3443;0;115800;0;0
113;4;24;167548;9266;4441;3443;0;115800;0;0
114;4;24;168930;9266;4441;3443;0;115800;0;0
115;4;24;170312;9266;4441;3443;0;115800;0;0
116;4;24;171694;9266;4441;3443;0;115800;0;0
117;4;24;173076;9266;4441;3443;0;115800;0;0
118;4;24;174458;9266;4441;3443;0;115800;0;0
119;4;24;175840;9266;4441;3443;0;115800;0;0
120;4;24;177222;9266;4441;3443;0;115800;0;0
121;4;24;178604;9266;4441;3443;0;115800;0;0
122;4;24;179986;9266;4441;3443;0;115800;0;0
123;4;24;181368;9266;4441;3443;0;115800;0;0
124;4;24;182750;9266;4441;3443;0;115800;0;0
125;4;24;184132;9266;4441;3443;0;115800;0;0
126;4;24;185514;9266;4441;3443;0;115800;0;0
127;4;24;186896;9266;4441;3443;0;115800;0;0
128;4;24;188278;9266;4441;3443;0;115800;0;0
129;4;24;189660;9266;4441;3443;0;115800;0;0
130;4;24;191042;9266;4441;3443;0;115800;0;0
131;4;24;192424;9266;4441;3443;0;115800;0;0
132;4;24;193806;9266;4441;3443;0;115800;0;0
133;4;24;195188;9266;4441;3443;0;115800;0;0
134;4;24;196570;9266;4441;3443;0;115800;0;0
135;4;24;197952;9266;4441;3443;0;115800;0;0
136;4;24;199334;9266;4441;3443;0;115800;0;0
137;4;24;200716;9266;4441;3443;0;115800;0;0
138;4;24;202098;9266;4441;3443;0;115800;0;0
139;4;24;203480;9266;4441;3443;0;115800;0;0
140;4;24;204862;9266;4441;3443;0;115800;0;0
141;4;24;206244;9266;4441;3443;0;115800;0;0
142;4;24;207626;9266;4441;3443;0;115800;0;0
143;4;24;209008;9266;4441;3443;0;115800;0;0
144;4;24;210390;9266;4441;3443;0;115800;0;0
145;4;24;211772;9266;4441;3443;0;115800;0;0
146;4;24;213154;9266;4441;3443;0;115800;0;0
147;4;24;214536;9266;4441;3443;0;115800;0;0
148;4;24;215918;9266;4441;3443;0;115800;0;0
149;4;24;217300;9266;4441;3443;0;115800;0;0
150;4;24;218682;9266;4441;3443;0;115800;0;0
151;4;24;220064;9266;4441;3443;0;115800;0;0
152;5;32;221446;9266;4441;3443;0;115800;0;0
153;5;32;225280;11718;4441;3443;0;115800;0;0
154;5;32;229114;11718;4441;3443;0;115800;0;0
155;5;32;232948;11718;4441;3443;0;115800;0;0
156;5;32;236782;11718;4441;3443;0;115800;0;0
157;5;32;240616;11718;4441;3443;0;115800;0;0
158;5;32;244450;11718;4441;3443;0;115800;0;0
159;5;32;248284;11718;4441;3443;0;115800;0;0
160;5;32;252118;11718;4441;3443;0;115800;0;0
161;5;32;255952;11718;4441;3443;0;115800;0;0
162;5;32;259786;11718;4441;3443;0;115800;0;0
163;5;32;263620;11718;4441;3443;0;115800;0;0
164;5;32;267454;11718;4441;3443;0;115800;0;0
165;5;32;271288;11718;4441;3443;0;115800;0;0
166;5;32;275122;11718;4441;3443;0;115800;0;0
167;5;32;278956;11718;4441;3443;0;115800;0;0
168;5;32;282790;11718;4441;3443;0;115800;0;0
169;5;32;286624;11718;4441;3443;0;115800;0;0
170;5;32;290458;11718;4441;3443;0;115800;0;0
171;5;32;294292;11718;4441;3443;0;115800;0;0
172;5;32;298126;11718;4441;3443;0;115800;0;0
173;5;32;301960;11718;4441;3443;0;115800;0;0
174;5;32;305794;11718;4441;3443;0;115800;0;0
175;5;32;309628;11718;4441;3443;0;115800;0;0
176;5;32;313462;11718;4441;3443;0;115800;0;0
177;5;32;317296;11718;4441;3443;0;115800;0;0
178;5;32;321130;11718;4441;3443;0;115800;0;0
179;5;32;324964;11718;4441;3443;0;115800;0;0
180;5;32;321438;11718;4441;3443;7360;115800;0;0
181;5;32;325272;11718;4441;3443;0;115800;0;0
182;5;32;329106;11718;4441;3443;0;115800;0;0
183;5;32;332940;11718;4441;3443;0;115800;0;0
184;5;32;336774;11718;4441;3443;0;115800;0;0
185;5;32;340608;11718;4441;3443;0;115800;0;0
186;5;32;344442;11718;4441;3443;0;115800;0;0
187;5;32;348276;11718;4441;3443;0;115800;0;0
188;5;32;352110;11718;4441;3443;0;115800;0;0
189;5;32;355944;11718;4441;3443;0;115800;0;0
190;5;32;359778;11718;4441;3443;0;115800;0;0
191;5;32;363612;11718;4441;3443;0;115800;0;0
192;5;32;367446;11718;4441;3443;0;115800;0;0
193;5;32;371280;11718;4441;3443;0;115800;0;0
194;5;32;375114;11718;4441;3443;0;115800;0;0
195;5;32;378948;11718;4441;3443;0;115800;0;0
196;5;32;382782;11718;4441;3443;0;115800;0;0
197;5;32;386616;11718;4441;3443;0;115800;0;0
198;5;32;390450;11718;4441;3443;0;115800;0;0
199;5;32;394284;11718;4441;3443;0;115800;0;0
200;5;32;398118;11718;4441;3443;0;115800;0;0
201;5;32;401952;11718;4441;3443;0;115800;0;0
202;5;32;405786;11718;4441;3443;0;115800;0;0
203;5;32;409620;11718;4441;3443;0;115800;0;0
204;5;32;413454;11718;4441;3443;0;115800;0;0
205;5;32;417288;11718;4441;3443;0;115800;0;0
206;5;32;421122;11718;4441;3443;0;115800;0;0
207;5;32;424956;11718;4441;3443;0;115800;0;0
208;5;32;428790;11718;4441;3443;0;115800;0;0
209;5;32;432624;11718;4441;3443;0;115800;0;0
210;5;32;436458;11718;4441;3443;0;115800;0;0
211;5;32;440292;11718;4441;3443;0;115800;0;0
212;6;40;444126;11718;4441;3443;0;115800;0;0
213;6;40;449867;13625;4441;3443;0;115800;0;0
214;6;40;455608;13625;4441;3443;0;115800;0;0
215;6;40;461349;13625;4441;3443;0;115800;0;0
216;6;40;467090;13625;4441;3443;0;115800;0;0
217;6;40;472831;13625;4441;3443;0;115800;0;0
218;6;40;478572;13625;4441;3443;0;115800;0;0
219;6;40;484313;13625;4441;3443;0;115800;0;0
220;6;40;490054;13625;4441;3443;0;115800;0;0
221;6;40;495795;13625;4441;3443;0;115800;0;0
222;6;40;501536;13625;4441;3443;0;115800;0;0
223;6;40;507277;13625;4441;3443;0;115800;0;0
224;6;40;513018;13625;4441;3443;0;115800;0;0
225;6;40;518759;13625;4441;3443;0;115800;0;0
226;6;40;524500;13625;4441;3443;0;115800;0;0
227;6;40;516256;7943;3110;3477;9600;96000;9600;1
228;6;40;517612;7943;3110;3477;0;96000;0;1
229;6;40;518968;7943;3110;3477;0;96000;0;1
230;6;40;524709;13625;4441;3443;0;115800;0;0
231;6;40;530450;13625;4441;3443;0;115800;0;0
232;6;40;536191;13625;4441;3443;0;115800;0;0
233;6;40;541932;13625;4441;3443;0;115800;0;0
234;6;40;547673;13625;4441;3443;0;115800;0;0
235;6;40;553414;13625;4441;3443;0;115800;0;0
236;6;40;559155;13625;4441;3443;0;115800;0;0
237;6;40;564896;13625;4441;3443;0;115800;0;0
238;6;40;570637;13625;4441;3443;0;115800;0;0
239;6;40;576378;13625;4441;3443;0;115800;0;0
240;6;40;582119;13625;4441;3443;0;115800;0;0
241;6;40;587860;13625;4441;3443;0;115800;0;0
242;6;40;593601;13625;4441;3443;0;115800;0;0
243;6;40;599342;13625;4441;3443;0;115800;0;0
244;6;40;605083;13625;4441;3443;0;115800;0;0
245;6;40;610824;13625;4441;3443;0;115800;0;0
246;6;40;616565;13625;4441;3443;0;115800;0;0
247;6;40;622306;13625;4441;3443;0;115800;0;0
248;6;40;628047;13625;4441;3443;0;115800;0;0
249;6;40;633788;13625;4441;3443;0;115800;0;0
250;6;40;639529;13625;4441;3443;0;115800;0;0
251;6;40;631285;7943;3110;3477;9600;96000;9600;1
252;6;40;632641;7943;3110;3477;0;96000;0;1
253;6;40;633997;7943;3110;3477;0;96000;0;1
254;6;40;639738;13625;4441;3443;0;115800;0;0
255;6;40;645479;13625;4441;3443;0;115800;0;0
256;6;40;651220;13625;4441;3443;0;115800;0;0
257;6;40;656961;13625;4441;3443;0;115800;0;0
258;6;40;662702;13625;4441;3443;0;115800;0;0
259;6;40;668443;13625;4441;3443;0;115800;0;0
260;6;40;674184;13625;4441;3443;0;115800;0;0
261;6;40;679925;13625;4441;3443;0;115800;0;0
262;6;40;685666;13625;4441;3443;0;115800;0;0
263;6;40;691407;13625;4441;3443;0;115800;0;0
264;6;40;697148;13625;4441;3443;0;115800;0;0
265;6;40;702889;13625;4441;3443;0;115800;0;0
266;6;40;708630;13625;4441;3443;0;115800;0;0
267;6;40;714371;13625;4441;3443;0;115800;0;0
268;6;40;720112;13625;4441;3443;0;115800;0;0
269;6;40;725853;13625;4441;3443;0;115800;0;0
270;6;40;726794;13625;4441;3443;4800;115800;0;0
271;6;40;732535;13625;4441;3443;0;115800;0;0
272;6;40;738276;13625;4441;3443;0;115800;0;0
273;6;40;744017;13625;4441;3443;0;115800;0;0
274;6;40;749758;13625;4441;3443;0;115800;0;0
275;6;40;755499;13625;4441;3443;0;115800;0;0
276;6;40;761240;13625;4441;3443;0;115800;0;0
277;6;40;766981;13625;4441;3443;0;115800;0;0
278;6;40;772722;13625;4441;3443;0;115800;0;0
279;6;40;778463;13625;4441;3443;0;115800;0;0
280;6;40;784204;13625;4441;3443;0;115800;0;0
281;6;40;789945;13625;4441;3443;0;115800;0;0
282;6;40;795686;13625;4441;3443;0;115800;0;0
283;6;40;801427;13625;4441;3443;0;115800;0;0
284;6;40;807168;13625;4441;3443;0;115800;0;0
285;6;40;812909;13625;4441;3443;0;115800;0;0
286;6;40;818650;13625;4441;3443;0;115800;0;0
287;6;40;824391;13625;4441;3443;0;115800;0;0
288;6;40;830132;13625;4441;3443;0;115800;0;0
289;7;48;835873;13625;4441;3443;0;115800;0;0
290;7;48;841614;13625;4441;3443;0;115800;0;0
291;7;48;847355;13625;4441;3443;0;115800;0;0
292;7;48;853096;13625;4441;3443;0;115800;0;0
293;7;48;858837;13625;4441;3443;0;115800;0;0
294;7;48;864578;13625;4441;3443;0;115800;0;0
295;7;48;870319;13625;4441;3443;0;115800;0;0
296;7;48;876060;13625;4441;3443;0;115800;0;0
297;7;48;881801;13625;4441;3443;0;115800;0;0
298;7;48;887542;13625;4441;3443;0;115800;0;0
299;7;48;893283;13625;4441;3443;0;115800;0;0
300;7;48;899024;13625;4441;3443;0;115800;0;0
301;7;48;904765;13625;4441;3443;0;115800;0;0
302;7;48;910506;13625;4441;3443;0;115800;0;0
303;7;48;916247;13625;4441;3443;0;115800;0;0
304;7;48;921988;13625;4441;3443;0;115800;0;0
305;7;48;927729;13625;4441;3443;0;115800;0;0
306;7;48;933470;13625;4441;3443;0;115800;0;0
307;7;48;939211;13625;4441;3443;0;115800;0;0
308;7;48;944952;13625;4441;3443;0;115800;0;0
309;7;48;950693;13625;4441;3443;0;115800;0;0
310;7;48;956434;13625;4441;3443;0;115800;0;0
311;7;48;962175;13625;4441;3443;0;115800;0;0
312;7;48;967916;13625;4441;3443;0;115800;0;0
313;7;48;973657;13625;4441;3443;0;115800;0;0
314;7;48;979398;13625;4441;3443;0;115800;0;0
315;7;48;985139;13625;4441;3443;0;115800;0;0
316;7;48;990880;13625;4441;3443;0;115800;0;0
317;7;48;996621;13625;4441;3443;0;115800;0;0
318;7;48;1002362;13625;4441;3443;0;115800;0;0
319;7;48;1008103;13625;4441;3443;0;115800;0;0
320;7;48;1013844;13625;4441;3443;0;115800;0;0
321;7;48;1019585;13625;4441;3443;0;115800;0;0
322;7;48;1025326;13625;4441;3443;0;115800;0;0
323;7;48;1031067;13625;4441;3443;0;115800;0;0
324;7;48;1036808;13625;4441;3443;0;115800;0;0
325;7;48;1042549;13625;4441;3443;0;115800;0;0
326;7;48;1048290;13625;4441;3443;0;115800;0;0
327;7;48;1054031;13625;4441;3443;0;115800;0;0
328;7;48;1059772;13625;4441;3443;0;115800;0;0
329;7;48;1051528;7943;3110;3477;9600;96000;9600;1
330;7;48;1052884;7943;3110;3477;0;96000;0;1
331;7;48;1054240;7943;3110;3477;0;96000;0;1
332;7;48;1059981;13625;4441;3443;0;115800;0;0
333;7;48;1065722;13625;4441;3443;0;115800;0;0
334;7;48;1071463;13625;4441;3443;0;115800;0;0
335;7;48;1077204;13625;4441;3443;0;115800;0;0
336;7;48;1082945;13625;4441;3443;0;115800;0;0
337;7;48;1088686;13625;4441;3443;0;115800;0;0
338;7;48;1094427;13625;4441;3443;0;115800;0;0
339;7;48;1100168;13625;4441;3443;0;115800;0;0
340;7;48;1105909;13625;4441;3443;0;115800;0;0
341;7;48;1111650;13625;4441;3443;0;115800;0;0
342;7;48;1117391;13625;4441;3443;0;115800;0;0
343;7;48;1123132;13625;4441;3443;0;115800;0;0
344;7;48;1128873;13625;4441;3443;0;115800;0;0
345;7;48;1134614;13625;4441;3443;0;115800;0;0
346;7;48;1140355;13625;4441;3443;0;115800;0;0
347;7;48;1146096;13625;4441;3443;0;115800;0;0
348;7;48;1151837;13625;4441;3443;0;115800;0;0
349;7;48;1157578;13625;4441;3443;0;115800;0;0
350;7;48;1163319;13625;4441;3443;0;115800;0;0
351;7;48;1169060;13625;4441;3443;0;115800;0;0
352;7;48;1174801;13625;4441;3443;0;115800;0;0
353;7;48;1180542;13625;4441;3443;0;115800;0;0
354;7;48;1186283;13625;4441;3443;0;115800;0;0
355;7;48;1192024;13625;4441;3443;0;115800;0;0
356;7;48;1197765;13625;4441;3443;0;115800;0;0
357;7;48;1203506;13625;4441;3443;0;115800;0;0
358;7;48;1209247;13625;4441;3443;0;115800;0;0
359;7;48;1214988;13625;4441;3443;0;115800;0;0
360;7;48;1213369;13625;4441;3443;7360;115800;0;0
361;7;48;1219110;13625;4441;3443;0;115800;0;0
362;7;48;1224851;13625;4441;3443;0;115800;0;0
363;7;48;1230592;13625;4441;3443;0;115800;0;0
364;7;48;1236333;13625;4441;3443;0;115800;0;0
365;7;48;1242074;13625;4441;3443;0;115800;0;0
